Model name, kernel, degree, C, Accuracy, Precision (True), Precision (False), Recall (True), Recall (False), True Positives, False Negatives, False Positives, False Negatives
bow_1_1, linear, -1, 1.0, 0.783, 0.7953652788688138, 0.7701711491442543, 0.7821552723059096, 0.7839070924927416, 2025, 564, 521, 1890
bow_1_1, rbf, -1, 1.0, 0.7998, 0.7124901806755696, 0.8903830480847595, 0.870859337493999, 0.7490572505999314, 1814, 269, 732, 2185
bow_1_1, poly, 2, 1.0, 0.5584, 0.9332285938727416, 0.16951915240423798, 0.5382872677843226, 0.7098976109215017, 2376, 2038, 170, 416
bow_1_1, poly, 3, 1.0, 0.525, 0.9748625294579732, 0.0582722086389568, 0.5178385145003129, 0.6908212560386473, 2482, 2311, 64, 143
bow_1_1, sigmoid, -1, 1.0, 0.8188, 0.8240377062058131, 0.8133659331703341, 0.8208137715179968, 0.8166939443535188, 2098, 458, 448, 1996
bow_1_1, linear, -1, 0.1, 0.783, 0.7953652788688138, 0.7701711491442543, 0.7821552723059096, 0.7839070924927416, 2025, 564, 521, 1890
bow_1_1, rbf, -1, 0.1, 0.55, 0.5039277297721917, 0.597799511002445, 0.5651982378854625, 0.5373626373626373, 1283, 987, 1263, 1467
bow_1_1, poly, 2, 0.1, 0.5186, 0.9925373134328358, 0.02689486552567237, 0.5141403865717192, 0.7764705882352941, 2527, 2388, 19, 66
bow_1_1, poly, 3, 0.1, 0.5146, 0.9941084053417125, 0.017114914425427872, 0.5120372243576775, 0.7368421052631579, 2531, 2412, 15, 42
